Anchor,Positive,Negative
Vincent_Brooks/Vincent_Brooks_0002.jpg,Vincent_Brooks/Vincent_Brooks_0006.jpg,Gerhard_Schroeder/Gerhard_Schroeder_0007.jpg
Mohammad_Khatami/Mohammad_Khatami_0010.jpg,Mohammad_Khatami/Mohammad_Khatami_0009.jpg,Richard_Krajicek/Richard_Krajicek_0003.jpg
Heizo_Takenaka/Heizo_Takenaka_0005.jpg,Heizo_Takenaka/Heizo_Takenaka_0003.jpg,Kristin_Davis/Kristin_Davis_0002.jpg
Colin_Powell/Colin_Powell_0078.jpg,Colin_Powell/Colin_Powell_0023.jpg,Amanda_Bynes/Amanda_Bynes_0002.jpg
Nathalie_Baye/Nathalie_Baye_0004.jpg,Nathalie_Baye/Nathalie_Baye_0001.jpg,John_Snow/John_Snow_0006.jpg
Sadie_Frost/Sadie_Frost_0001.jpg,Sadie_Frost/Sadie_Frost_0003.jpg,Lauren_Hutton/Lauren_Hutton_0002.jpg
Rachel_Hunter/Rachel_Hunter_0003.jpg,Rachel_Hunter/Rachel_Hunter_0002.jpg,Nabil_Shaath/Nabil_Shaath_0001.jpg
Roger_Federer/Roger_Federer_0007.jpg,Roger_Federer/Roger_Federer_0014.jpg,Zhu_Rongji/Zhu_Rongji_0009.jpg
Marco_Antonio_Barrera/Marco_Antonio_Barrera_0002.jpg,Marco_Antonio_Barrera/Marco_Antonio_Barrera_0004.jpg,George_W_Bush/George_W_Bush_0477.jpg
Donald_Rumsfeld/Donald_Rumsfeld_0017.jpg,Donald_Rumsfeld/Donald_Rumsfeld_0016.jpg,John_Ashcroft/John_Ashcroft_0015.jpg
George_W_Bush/George_W_Bush_0189.jpg,George_W_Bush/George_W_Bush_0004.jpg,Ray_Romano/Ray_Romano_0003.jpg
Bob_Huggins/Bob_Huggins_0004.jpg,Bob_Huggins/Bob_Huggins_0002.jpg,Jackie_Chan/Jackie_Chan_0004.jpg
Vladimir_Voltchkov/Vladimir_Voltchkov_0002.jpg,Vladimir_Voltchkov/Vladimir_Voltchkov_0001.jpg,Dominique_de_Villepin/Dominique_de_Villepin_0002.jpg
James_Blake/James_Blake_0013.jpg,James_Blake/James_Blake_0012.jpg,Ricardo_Lagos/Ricardo_Lagos_0027.jpg
Junichiro_Koizumi/Junichiro_Koizumi_0030.jpg,Junichiro_Koizumi/Junichiro_Koizumi_0049.jpg,John_Howard/John_Howard_0011.jpg
George_W_Bush/George_W_Bush_0396.jpg,George_W_Bush/George_W_Bush_0289.jpg,Jeong_Se-hyun/Jeong_Se-hyun_0004.jpg
Mahathir_Mohamad/Mahathir_Mohamad_0003.jpg,Mahathir_Mohamad/Mahathir_Mohamad_0004.jpg,Ed_Smart/Ed_Smart_0003.jpg
Susan_Sarandon/Susan_Sarandon_0006.jpg,Susan_Sarandon/Susan_Sarandon_0002.jpg,Bill_Frist/Bill_Frist_0009.jpg
William_Macy/William_Macy_0001.jpg,William_Macy/William_Macy_0003.jpg,Ronaldo_Luis_Nazario_de_Lima/Ronaldo_Luis_Nazario_de_Lima_0003.jpg
John_Travolta/John_Travolta_0003.jpg,John_Travolta/John_Travolta_0006.jpg,Colin_Powell/Colin_Powell_0083.jpg
John_Spencer/John_Spencer_0001.jpg,John_Spencer/John_Spencer_0002.jpg,Michael_Leavitt/Michael_Leavitt_0002.jpg
Tony_Blair/Tony_Blair_0096.jpg,Tony_Blair/Tony_Blair_0058.jpg,Jennifer_Capriati/Jennifer_Capriati_0006.jpg
Cesar_Maia/Cesar_Maia_0002.jpg,Cesar_Maia/Cesar_Maia_0001.jpg,Jennifer_Lopez/Jennifer_Lopez_0001.jpg
Ron_Dittemore/Ron_Dittemore_0007.jpg,Ron_Dittemore/Ron_Dittemore_0005.jpg,Charlton_Heston/Charlton_Heston_0006.jpg
Hee-Won_Han/Hee-Won_Han_0002.jpg,Hee-Won_Han/Hee-Won_Han_0001.jpg,Ana_Palacio/Ana_Palacio_0004.jpg
Antonio_Banderas/Antonio_Banderas_0002.jpg,Antonio_Banderas/Antonio_Banderas_0005.jpg,Naomi_Watts/Naomi_Watts_0011.jpg
Conchita_Martinez/Conchita_Martinez_0001.jpg,Conchita_Martinez/Conchita_Martinez_0002.jpg,Jose_Manuel_Durao_Barroso/Jose_Manuel_Durao_Barroso_0004.jpg
George_W_Bush/George_W_Bush_0303.jpg,George_W_Bush/George_W_Bush_0295.jpg,John_Snow/John_Snow_0008.jpg
Oscar_Elias_Biscet/Oscar_Elias_Biscet_0001.jpg,Oscar_Elias_Biscet/Oscar_Elias_Biscet_0002.jpg,Jeff_Van_Gundy/Jeff_Van_Gundy_0002.jpg
Pervez_Musharraf/Pervez_Musharraf_0010.jpg,Pervez_Musharraf/Pervez_Musharraf_0011.jpg,Megawati_Sukarnoputri/Megawati_Sukarnoputri_0018.jpg
Rick_Santorum/Rick_Santorum_0002.jpg,Rick_Santorum/Rick_Santorum_0003.jpg,Ray_Nagin/Ray_Nagin_0001.jpg
Vladimir_Putin/Vladimir_Putin_0014.jpg,Vladimir_Putin/Vladimir_Putin_0049.jpg,Lucio_Gutierrez/Lucio_Gutierrez_0011.jpg
Gerry_Adams/Gerry_Adams_0005.jpg,Gerry_Adams/Gerry_Adams_0008.jpg,Bill_Gates/Bill_Gates_0007.jpg
Carlos_Menem/Carlos_Menem_0011.jpg,Carlos_Menem/Carlos_Menem_0007.jpg,Nicholas_Byron/Nicholas_Byron_0001.jpg
Susie_Castillo/Susie_Castillo_0001.jpg,Susie_Castillo/Susie_Castillo_0002.jpg,Charles_Moose/Charles_Moose_0011.jpg
Leslie_Ann_Woodward/Leslie_Ann_Woodward_0002.jpg,Leslie_Ann_Woodward/Leslie_Ann_Woodward_0001.jpg,Phan_Van_Khai/Phan_Van_Khai_0003.jpg
Robert_Blackwill/Robert_Blackwill_0002.jpg,Robert_Blackwill/Robert_Blackwill_0001.jpg,George_W_Bush/George_W_Bush_0153.jpg
Serena_Williams/Serena_Williams_0010.jpg,Serena_Williams/Serena_Williams_0014.jpg,George_W_Bush/George_W_Bush_0159.jpg
George_W_Bush/George_W_Bush_0066.jpg,George_W_Bush/George_W_Bush_0481.jpg,Guido_Westerwelle/Guido_Westerwelle_0002.jpg
Pervez_Musharraf/Pervez_Musharraf_0002.jpg,Pervez_Musharraf/Pervez_Musharraf_0007.jpg,Sharon_Davis/Sharon_Davis_0002.jpg
Valdas_Adamkus/Valdas_Adamkus_0002.jpg,Valdas_Adamkus/Valdas_Adamkus_0001.jpg,Alexander_Downer/Alexander_Downer_0003.jpg
Roberto_Carlos/Roberto_Carlos_0002.jpg,Roberto_Carlos/Roberto_Carlos_0004.jpg,Amelie_Mauresmo/Amelie_Mauresmo_0006.jpg
Tim_Henman/Tim_Henman_0018.jpg,Tim_Henman/Tim_Henman_0002.jpg,John_Ashcroft/John_Ashcroft_0003.jpg
Jiri_Novak/Jiri_Novak_0007.jpg,Jiri_Novak/Jiri_Novak_0005.jpg,Pascal_Quignard/Pascal_Quignard_0002.jpg
Chung_Mong-joon/Chung_Mong-joon_0001.jpg,Chung_Mong-joon/Chung_Mong-joon_0002.jpg,Li_Zhaoxing/Li_Zhaoxing_0006.jpg
Pedro_Malan/Pedro_Malan_0003.jpg,Pedro_Malan/Pedro_Malan_0002.jpg,Lisa_Gottsegen/Lisa_Gottsegen_0001.jpg
Leonardo_DiCaprio/Leonardo_DiCaprio_0007.jpg,Leonardo_DiCaprio/Leonardo_DiCaprio_0005.jpg,Rick_Pitino/Rick_Pitino_0004.jpg
Meryl_Streep/Meryl_Streep_0007.jpg,Meryl_Streep/Meryl_Streep_0012.jpg,Paul_Bremer/Paul_Bremer_0016.jpg
George_W_Bush/George_W_Bush_0447.jpg,George_W_Bush/George_W_Bush_0494.jpg,Robert_Blake/Robert_Blake_0001.jpg
William_Macy/William_Macy_0003.jpg,William_Macy/William_Macy_0004.jpg,Dick_Cheney/Dick_Cheney_0001.jpg
Paul_ONeill/Paul_ONeill_0003.jpg,Paul_ONeill/Paul_ONeill_0002.jpg,Laura_Bush/Laura_Bush_0003.jpg
George_W_Bush/George_W_Bush_0345.jpg,George_W_Bush/George_W_Bush_0171.jpg,Ernie_Eves/Ernie_Eves_0001.jpg
Gray_Davis/Gray_Davis_0008.jpg,Gray_Davis/Gray_Davis_0002.jpg,Abel_Pacheco/Abel_Pacheco_0004.jpg
Tony_Blair/Tony_Blair_0122.jpg,Tony_Blair/Tony_Blair_0015.jpg,Jack_Straw/Jack_Straw_0023.jpg
George_W_Bush/George_W_Bush_0175.jpg,George_W_Bush/George_W_Bush_0261.jpg,Tony_Blair/Tony_Blair_0094.jpg
Recep_Tayyip_Erdogan/Recep_Tayyip_Erdogan_0006.jpg,Recep_Tayyip_Erdogan/Recep_Tayyip_Erdogan_0018.jpg,Donald_Rumsfeld/Donald_Rumsfeld_0030.jpg
William_Bulger/William_Bulger_0002.jpg,William_Bulger/William_Bulger_0004.jpg,Kofi_Annan/Kofi_Annan_0014.jpg
Kosuke_Kitajima/Kosuke_Kitajima_0001.jpg,Kosuke_Kitajima/Kosuke_Kitajima_0002.jpg,Paul_ONeill/Paul_ONeill_0009.jpg
William_Rehnquist/William_Rehnquist_0002.jpg,William_Rehnquist/William_Rehnquist_0001.jpg,George_W_Bush/George_W_Bush_0154.jpg
Lindsay_Davenport/Lindsay_Davenport_0001.jpg,Lindsay_Davenport/Lindsay_Davenport_0003.jpg,Queen_Elizabeth_II/Queen_Elizabeth_II_0013.jpg
Jean_Chretien/Jean_Chretien_0009.jpg,Jean_Chretien/Jean_Chretien_0034.jpg,Mahmoud_Abbas/Mahmoud_Abbas_0012.jpg
Bill_Simon/Bill_Simon_0002.jpg,Bill_Simon/Bill_Simon_0015.jpg,Gwendal_Peizerat/Gwendal_Peizerat_0002.jpg
Luiz_Inacio_Lula_da_Silva/Luiz_Inacio_Lula_da_Silva_0026.jpg,Luiz_Inacio_Lula_da_Silva/Luiz_Inacio_Lula_da_Silva_0007.jpg,Heizo_Takenaka/Heizo_Takenaka_0001.jpg
Amelie_Mauresmo/Amelie_Mauresmo_0021.jpg,Amelie_Mauresmo/Amelie_Mauresmo_0002.jpg,Augusto_Roa_Bastos/Augusto_Roa_Bastos_0002.jpg
Tony_Blair/Tony_Blair_0102.jpg,Tony_Blair/Tony_Blair_0002.jpg,Joseph_Ralston/Joseph_Ralston_0001.jpg
Steve_Lavin/Steve_Lavin_0004.jpg,Steve_Lavin/Steve_Lavin_0001.jpg,Eduardo_Duhalde/Eduardo_Duhalde_0003.jpg
Steve_Lavin/Steve_Lavin_0003.jpg,Steve_Lavin/Steve_Lavin_0004.jpg,Tony_Stewart/Tony_Stewart_0004.jpg
Jacques_Chirac/Jacques_Chirac_0023.jpg,Jacques_Chirac/Jacques_Chirac_0052.jpg,George_W_Bush/George_W_Bush_0455.jpg
Ricardo_Lagos/Ricardo_Lagos_0010.jpg,Ricardo_Lagos/Ricardo_Lagos_0014.jpg,Tommy_Franks/Tommy_Franks_0005.jpg
Laura_Bush/Laura_Bush_0040.jpg,Laura_Bush/Laura_Bush_0020.jpg,Joschka_Fischer/Joschka_Fischer_0017.jpg
Tony_Blair/Tony_Blair_0012.jpg,Tony_Blair/Tony_Blair_0137.jpg,Clint_Eastwood/Clint_Eastwood_0002.jpg
Paris_Hilton/Paris_Hilton_0001.jpg,Paris_Hilton/Paris_Hilton_0002.jpg,Julianne_Moore/Julianne_Moore_0003.jpg
Colin_Powell/Colin_Powell_0154.jpg,Colin_Powell/Colin_Powell_0118.jpg,Tom_Jones/Tom_Jones_0002.jpg
Junichiro_Koizumi/Junichiro_Koizumi_0049.jpg,Junichiro_Koizumi/Junichiro_Koizumi_0032.jpg,Nicanor_Duarte_Frutos/Nicanor_Duarte_Frutos_0011.jpg
Lord_Hutton/Lord_Hutton_0002.jpg,Lord_Hutton/Lord_Hutton_0001.jpg,Yoriko_Kawaguchi/Yoriko_Kawaguchi_0012.jpg
John_Bolton/John_Bolton_0008.jpg,John_Bolton/John_Bolton_0009.jpg,Edward_Said/Edward_Said_0001.jpg
Colin_Powell/Colin_Powell_0067.jpg,Colin_Powell/Colin_Powell_0231.jpg,Colin_Montgomerie/Colin_Montgomerie_0005.jpg
Lesley_McCulloch/Lesley_McCulloch_0001.jpg,Lesley_McCulloch/Lesley_McCulloch_0002.jpg,Ben_Affleck/Ben_Affleck_0007.jpg
Colin_Powell/Colin_Powell_0176.jpg,Colin_Powell/Colin_Powell_0107.jpg,Jessica_Alba/Jessica_Alba_0001.jpg
Carla_Del_Ponte/Carla_Del_Ponte_0003.jpg,Carla_Del_Ponte/Carla_Del_Ponte_0005.jpg,Nebojsa_Pavkovic/Nebojsa_Pavkovic_0001.jpg
Oscar_De_La_Hoya/Oscar_De_La_Hoya_0003.jpg,Oscar_De_La_Hoya/Oscar_De_La_Hoya_0004.jpg,Elsa_Zylberstein/Elsa_Zylberstein_0003.jpg
Jennifer_Lopez/Jennifer_Lopez_0006.jpg,Jennifer_Lopez/Jennifer_Lopez_0007.jpg,Junichiro_Koizumi/Junichiro_Koizumi_0004.jpg
Tim_Henman/Tim_Henman_0017.jpg,Tim_Henman/Tim_Henman_0015.jpg,Jennifer_Capriati/Jennifer_Capriati_0010.jpg
Ralf_Schumacher/Ralf_Schumacher_0008.jpg,Ralf_Schumacher/Ralf_Schumacher_0002.jpg,Tony_Stewart/Tony_Stewart_0003.jpg
Jean_Chretien/Jean_Chretien_0027.jpg,Jean_Chretien/Jean_Chretien_0032.jpg,Sally_Field/Sally_Field_0002.jpg
Charles_Moose/Charles_Moose_0004.jpg,Charles_Moose/Charles_Moose_0001.jpg,Lleyton_Hewitt/Lleyton_Hewitt_0012.jpg
Jennifer_Garner/Jennifer_Garner_0002.jpg,Jennifer_Garner/Jennifer_Garner_0006.jpg,Recep_Tayyip_Erdogan/Recep_Tayyip_Erdogan_0008.jpg
Thomas_OBrien/Thomas_OBrien_0005.jpg,Thomas_OBrien/Thomas_OBrien_0009.jpg,Bill_Sizemore/Bill_Sizemore_0001.jpg
Julianne_Moore/Julianne_Moore_0014.jpg,Julianne_Moore/Julianne_Moore_0016.jpg,Sachiko_Yamada/Sachiko_Yamada_0001.jpg
Colin_Powell/Colin_Powell_0066.jpg,Colin_Powell/Colin_Powell_0213.jpg,Ariel_Sharon/Ariel_Sharon_0011.jpg
Colin_Powell/Colin_Powell_0012.jpg,Colin_Powell/Colin_Powell_0133.jpg,Jesse_Jackson/Jesse_Jackson_0003.jpg
Tony_Blair/Tony_Blair_0021.jpg,Tony_Blair/Tony_Blair_0144.jpg,Tommy_Robredo/Tommy_Robredo_0002.jpg
Luiz_Inacio_Lula_da_Silva/Luiz_Inacio_Lula_da_Silva_0016.jpg,Luiz_Inacio_Lula_da_Silva/Luiz_Inacio_Lula_da_Silva_0026.jpg,Jeremy_Greenstock/Jeremy_Greenstock_0020.jpg
Joe_Nichols/Joe_Nichols_0003.jpg,Joe_Nichols/Joe_Nichols_0001.jpg,Donald_Rumsfeld/Donald_Rumsfeld_0117.jpg
Vladimir_Spidla/Vladimir_Spidla_0003.jpg,Vladimir_Spidla/Vladimir_Spidla_0002.jpg,Harrison_Ford/Harrison_Ford_0010.jpg
Jefferson_Perez/Jefferson_Perez_0002.jpg,Jefferson_Perez/Jefferson_Perez_0001.jpg,Vojislav_Kostunica/Vojislav_Kostunica_0004.jpg
George_W_Bush/George_W_Bush_0154.jpg,George_W_Bush/George_W_Bush_0269.jpg,Jesse_Ventura/Jesse_Ventura_0003.jpg
Gerhard_Schroeder/Gerhard_Schroeder_0080.jpg,Gerhard_Schroeder/Gerhard_Schroeder_0059.jpg,Paul_Wellstone/Paul_Wellstone_0003.jpg
Gabriel_Batistuta/Gabriel_Batistuta_0001.jpg,Gabriel_Batistuta/Gabriel_Batistuta_0002.jpg,Mike_Montgomery/Mike_Montgomery_0001.jpg
Orlando_Bloom/Orlando_Bloom_0001.jpg,Orlando_Bloom/Orlando_Bloom_0003.jpg,William_Donaldson/William_Donaldson_0004.jpg
Michael_Bloomberg/Michael_Bloomberg_0016.jpg,Michael_Bloomberg/Michael_Bloomberg_0006.jpg,Mireya_Moscoso/Mireya_Moscoso_0001.jpg
Bob_Graham/Bob_Graham_0003.jpg,Bob_Graham/Bob_Graham_0004.jpg,Michael_Ballack/Michael_Ballack_0001.jpg
Klaus_Zwickel/Klaus_Zwickel_0002.jpg,Klaus_Zwickel/Klaus_Zwickel_0001.jpg,Tsutomu_Takebe/Tsutomu_Takebe_0002.jpg
Bashar_Assad/Bashar_Assad_0003.jpg,Bashar_Assad/Bashar_Assad_0002.jpg,George_W_Bush/George_W_Bush_0347.jpg
Colin_Farrell/Colin_Farrell_0004.jpg,Colin_Farrell/Colin_Farrell_0005.jpg,JK_Rowling/JK_Rowling_0003.jpg
Winona_Ryder/Winona_Ryder_0007.jpg,Winona_Ryder/Winona_Ryder_0022.jpg,George_W_Bush/George_W_Bush_0080.jpg
Erin_Runnion/Erin_Runnion_0002.jpg,Erin_Runnion/Erin_Runnion_0004.jpg,Jeremy_Greenstock/Jeremy_Greenstock_0015.jpg
Petria_Thomas/Petria_Thomas_0001.jpg,Petria_Thomas/Petria_Thomas_0003.jpg,Hassan_Nasrallah/Hassan_Nasrallah_0002.jpg
Vince_Carter/Vince_Carter_0004.jpg,Vince_Carter/Vince_Carter_0002.jpg,Leszek_Miller/Leszek_Miller_0003.jpg
Marieta_Chrousala/Marieta_Chrousala_0003.jpg,Marieta_Chrousala/Marieta_Chrousala_0002.jpg,Lucio_Gutierrez/Lucio_Gutierrez_0012.jpg
Sergio_Vieira_De_Mello/Sergio_Vieira_De_Mello_0009.jpg,Sergio_Vieira_De_Mello/Sergio_Vieira_De_Mello_0005.jpg,Bill_Gates/Bill_Gates_0007.jpg
Robert_Mugabe/Robert_Mugabe_0002.jpg,Robert_Mugabe/Robert_Mugabe_0001.jpg,Tony_Blair/Tony_Blair_0077.jpg
John_Ashcroft/John_Ashcroft_0030.jpg,John_Ashcroft/John_Ashcroft_0017.jpg,Cruz_Bustamante/Cruz_Bustamante_0001.jpg
Gordon_Brown/Gordon_Brown_0002.jpg,Gordon_Brown/Gordon_Brown_0008.jpg,Mikhail_Gorbachev/Mikhail_Gorbachev_0002.jpg
Richard_Armitage/Richard_Armitage_0007.jpg,Richard_Armitage/Richard_Armitage_0005.jpg,Paul_Burrell/Paul_Burrell_0006.jpg
Bill_Clinton/Bill_Clinton_0026.jpg,Bill_Clinton/Bill_Clinton_0008.jpg,Albert_Costa/Albert_Costa_0002.jpg
Tommy_Robredo/Tommy_Robredo_0003.jpg,Tommy_Robredo/Tommy_Robredo_0001.jpg,Kathleen_Glynn/Kathleen_Glynn_0001.jpg
Amelia_Vega/Amelia_Vega_0007.jpg,Amelia_Vega/Amelia_Vega_0004.jpg,Silvio_Fernandez/Silvio_Fernandez_0001.jpg
George_W_Bush/George_W_Bush_0038.jpg,George_W_Bush/George_W_Bush_0441.jpg,Andre_Agassi/Andre_Agassi_0018.jpg
Hosni_Mubarak/Hosni_Mubarak_0003.jpg,Hosni_Mubarak/Hosni_Mubarak_0001.jpg,Donatella_Versace/Donatella_Versace_0003.jpg
John_Ashcroft/John_Ashcroft_0003.jpg,John_Ashcroft/John_Ashcroft_0031.jpg,Zoran_Djindjic/Zoran_Djindjic_0003.jpg
George_W_Bush/George_W_Bush_0490.jpg,George_W_Bush/George_W_Bush_0393.jpg,Nadine_Vinzens/Nadine_Vinzens_0001.jpg
Ricardo_Lagos/Ricardo_Lagos_0002.jpg,Ricardo_Lagos/Ricardo_Lagos_0003.jpg,Luiz_Inacio_Lula_da_Silva/Luiz_Inacio_Lula_da_Silva_0027.jpg
Hamid_Karzai/Hamid_Karzai_0016.jpg,Hamid_Karzai/Hamid_Karzai_0019.jpg,Tony_Blair/Tony_Blair_0029.jpg
Bruce_Springsteen/Bruce_Springsteen_0003.jpg,Bruce_Springsteen/Bruce_Springsteen_0002.jpg,Pascal_Lamy/Pascal_Lamy_0002.jpg
John_Warner/John_Warner_0002.jpg,John_Warner/John_Warner_0003.jpg,Luiz_Inacio_Lula_da_Silva/Luiz_Inacio_Lula_da_Silva_0041.jpg
Charles_Taylor/Charles_Taylor_0007.jpg,Charles_Taylor/Charles_Taylor_0001.jpg,Joe_Lieberman/Joe_Lieberman_0012.jpg
Roh_Moo-hyun/Roh_Moo-hyun_0001.jpg,Roh_Moo-hyun/Roh_Moo-hyun_0002.jpg,Michael_Jackson/Michael_Jackson_0004.jpg
Megawati_Sukarnoputri/Megawati_Sukarnoputri_0010.jpg,Megawati_Sukarnoputri/Megawati_Sukarnoputri_0011.jpg,Atal_Bihari_Vajpayee/Atal_Bihari_Vajpayee_0023.jpg
Colin_Powell/Colin_Powell_0061.jpg,Colin_Powell/Colin_Powell_0148.jpg,George_W_Bush/George_W_Bush_0143.jpg
George_Voinovich/George_Voinovich_0001.jpg,George_Voinovich/George_Voinovich_0003.jpg,Meryl_Streep/Meryl_Streep_0013.jpg
Michelle_Kwan/Michelle_Kwan_0002.jpg,Michelle_Kwan/Michelle_Kwan_0006.jpg,Colin_Powell/Colin_Powell_0134.jpg
Clay_Aiken/Clay_Aiken_0003.jpg,Clay_Aiken/Clay_Aiken_0001.jpg,Bill_McBride/Bill_McBride_0009.jpg
John_Howard/John_Howard_0008.jpg,John_Howard/John_Howard_0004.jpg,Thomas_Wyman/Thomas_Wyman_0002.jpg
Rick_Romley/Rick_Romley_0001.jpg,Rick_Romley/Rick_Romley_0002.jpg,Spencer_Abraham/Spencer_Abraham_0005.jpg
Pete_Sampras/Pete_Sampras_0022.jpg,Pete_Sampras/Pete_Sampras_0016.jpg,Paul_Bremer/Paul_Bremer_0004.jpg
Michael_Bloomberg/Michael_Bloomberg_0020.jpg,Michael_Bloomberg/Michael_Bloomberg_0012.jpg,Serena_Williams/Serena_Williams_0045.jpg
Salma_Hayek/Salma_Hayek_0001.jpg,Salma_Hayek/Salma_Hayek_0011.jpg,Bernard_Landry/Bernard_Landry_0004.jpg
Orlando_Bloom/Orlando_Bloom_0003.jpg,Orlando_Bloom/Orlando_Bloom_0002.jpg,Akbar_Hashemi_Rafsanjani/Akbar_Hashemi_Rafsanjani_0003.jpg
Bob_Colvin/Bob_Colvin_0001.jpg,Bob_Colvin/Bob_Colvin_0002.jpg,Trent_Lott/Trent_Lott_0005.jpg
Alvaro_Silva_Calderon/Alvaro_Silva_Calderon_0001.jpg,Alvaro_Silva_Calderon/Alvaro_Silva_Calderon_0003.jpg,Adam_Sandler/Adam_Sandler_0002.jpg
Donald_Rumsfeld/Donald_Rumsfeld_0119.jpg,Donald_Rumsfeld/Donald_Rumsfeld_0045.jpg,Juan_Valencia_Osorio/Juan_Valencia_Osorio_0002.jpg
George_W_Bush/George_W_Bush_0002.jpg,George_W_Bush/George_W_Bush_0093.jpg,Michael_Powell/Michael_Powell_0003.jpg
Ricardo_Lagos/Ricardo_Lagos_0026.jpg,Ricardo_Lagos/Ricardo_Lagos_0002.jpg,George_W_Bush/George_W_Bush_0251.jpg
Robert_Redford/Robert_Redford_0006.jpg,Robert_Redford/Robert_Redford_0005.jpg,Roberto_Benigni/Roberto_Benigni_0001.jpg
Michael_Douglas/Michael_Douglas_0005.jpg,Michael_Douglas/Michael_Douglas_0001.jpg,Gloria_Trevi/Gloria_Trevi_0002.jpg
Martha_Stewart/Martha_Stewart_0003.jpg,Martha_Stewart/Martha_Stewart_0004.jpg,Larry_Brown/Larry_Brown_0005.jpg
David_Nalbandian/David_Nalbandian_0004.jpg,David_Nalbandian/David_Nalbandian_0014.jpg,Gloria_Macapagal_Arroyo/Gloria_Macapagal_Arroyo_0020.jpg
Colin_Powell/Colin_Powell_0092.jpg,Colin_Powell/Colin_Powell_0028.jpg,George_W_Bush/George_W_Bush_0078.jpg
Luiz_Inacio_Lula_da_Silva/Luiz_Inacio_Lula_da_Silva_0018.jpg,Luiz_Inacio_Lula_da_Silva/Luiz_Inacio_Lula_da_Silva_0021.jpg,Muhammad_Ali/Muhammad_Ali_0001.jpg
Paul_Burrell/Paul_Burrell_0008.jpg,Paul_Burrell/Paul_Burrell_0002.jpg,Norah_Jones/Norah_Jones_0012.jpg
Thomas_Fargo/Thomas_Fargo_0003.jpg,Thomas_Fargo/Thomas_Fargo_0002.jpg,John_Abizaid/John_Abizaid_0002.jpg
George_W_Bush/George_W_Bush_0375.jpg,George_W_Bush/George_W_Bush_0384.jpg,Luiz_Inacio_Lula_da_Silva/Luiz_Inacio_Lula_da_Silva_0034.jpg
Wen_Jiabao/Wen_Jiabao_0009.jpg,Wen_Jiabao/Wen_Jiabao_0005.jpg,Kim_Dae-jung/Kim_Dae-jung_0007.jpg
Juan_Carlos_Ferrero/Juan_Carlos_Ferrero_0012.jpg,Juan_Carlos_Ferrero/Juan_Carlos_Ferrero_0022.jpg,George_HW_Bush/George_HW_Bush_0003.jpg
Noelle_Bush/Noelle_Bush_0004.jpg,Noelle_Bush/Noelle_Bush_0001.jpg,Al_Gore/Al_Gore_0003.jpg
Dick_Cheney/Dick_Cheney_0006.jpg,Dick_Cheney/Dick_Cheney_0008.jpg,Junichiro_Koizumi/Junichiro_Koizumi_0037.jpg
Salma_Hayek/Salma_Hayek_0009.jpg,Salma_Hayek/Salma_Hayek_0013.jpg,Tony_Shalhoub/Tony_Shalhoub_0001.jpg
Taha_Yassin_Ramadan/Taha_Yassin_Ramadan_0010.jpg,Taha_Yassin_Ramadan/Taha_Yassin_Ramadan_0012.jpg,Maria_Shriver/Maria_Shriver_0004.jpg
Gloria_Macapagal_Arroyo/Gloria_Macapagal_Arroyo_0020.jpg,Gloria_Macapagal_Arroyo/Gloria_Macapagal_Arroyo_0007.jpg,Alexander_Rumyantsev/Alexander_Rumyantsev_0002.jpg
Fidel_Castro/Fidel_Castro_0006.jpg,Fidel_Castro/Fidel_Castro_0004.jpg,Robert_Redford/Robert_Redford_0003.jpg
Hugo_Chavez/Hugo_Chavez_0033.jpg,Hugo_Chavez/Hugo_Chavez_0026.jpg,Joe_Dumars/Joe_Dumars_0002.jpg
Vicki_Zhao_Wei/Vicki_Zhao_Wei_0002.jpg,Vicki_Zhao_Wei/Vicki_Zhao_Wei_0001.jpg,Alice_Fisher/Alice_Fisher_0002.jpg
Luiz_Inacio_Lula_da_Silva/Luiz_Inacio_Lula_da_Silva_0022.jpg,Luiz_Inacio_Lula_da_Silva/Luiz_Inacio_Lula_da_Silva_0002.jpg,Vitali_Klitschko/Vitali_Klitschko_0002.jpg
Greg_Gilbert/Greg_Gilbert_0001.jpg,Greg_Gilbert/Greg_Gilbert_0002.jpg,Begum_Khaleda_Zia/Begum_Khaleda_Zia_0001.jpg
Jennifer_Capriati/Jennifer_Capriati_0011.jpg,Jennifer_Capriati/Jennifer_Capriati_0036.jpg,George_W_Bush/George_W_Bush_0195.jpg
George_W_Bush/George_W_Bush_0092.jpg,George_W_Bush/George_W_Bush_0239.jpg,Roy_Moore/Roy_Moore_0001.jpg
George_W_Bush/George_W_Bush_0478.jpg,George_W_Bush/George_W_Bush_0213.jpg,Robert_Stack/Robert_Stack_0002.jpg
Lee_Hoi-chang/Lee_Hoi-chang_0003.jpg,Lee_Hoi-chang/Lee_Hoi-chang_0004.jpg,Muhammad_Ali/Muhammad_Ali_0008.jpg
Winona_Ryder/Winona_Ryder_0004.jpg,Winona_Ryder/Winona_Ryder_0015.jpg,Milo_Djukanovic/Milo_Djukanovic_0002.jpg
Javier_Solana/Javier_Solana_0010.jpg,Javier_Solana/Javier_Solana_0008.jpg,Nancy_Reagan/Nancy_Reagan_0001.jpg
Melissa_Etheridge/Melissa_Etheridge_0001.jpg,Melissa_Etheridge/Melissa_Etheridge_0002.jpg,Hilmi_Ozkok/Hilmi_Ozkok_0001.jpg
George_W_Bush/George_W_Bush_0100.jpg,George_W_Bush/George_W_Bush_0373.jpg,Mariana_Pollack/Mariana_Pollack_0002.jpg
Mike_Helton/Mike_Helton_0001.jpg,Mike_Helton/Mike_Helton_0002.jpg,Ricardo_Lopez_Murphy/Ricardo_Lopez_Murphy_0001.jpg
George_W_Bush/George_W_Bush_0462.jpg,George_W_Bush/George_W_Bush_0433.jpg,Ricky_Ponting/Ricky_Ponting_0002.jpg
Robert_Blake/Robert_Blake_0008.jpg,Robert_Blake/Robert_Blake_0004.jpg,George_Pataki/George_Pataki_0004.jpg
Barbara_Walters/Barbara_Walters_0001.jpg,Barbara_Walters/Barbara_Walters_0003.jpg,Katie_Harman/Katie_Harman_0002.jpg
Ernie_Els/Ernie_Els_0003.jpg,Ernie_Els/Ernie_Els_0004.jpg,Gray_Davis/Gray_Davis_0004.jpg
George_W_Bush/George_W_Bush_0105.jpg,George_W_Bush/George_W_Bush_0053.jpg,Richard_Armitage/Richard_Armitage_0009.jpg
Tony_Blair/Tony_Blair_0120.jpg,Tony_Blair/Tony_Blair_0121.jpg,Angela_Merkel/Angela_Merkel_0001.jpg
Hugo_Chavez/Hugo_Chavez_0050.jpg,Hugo_Chavez/Hugo_Chavez_0054.jpg,Tom_Ridge/Tom_Ridge_0014.jpg
Tammy_Lynn_Michaels/Tammy_Lynn_Michaels_0002.jpg,Tammy_Lynn_Michaels/Tammy_Lynn_Michaels_0001.jpg,Nadia_Petrova/Nadia_Petrova_0001.jpg
Iain_Duncan_Smith/Iain_Duncan_Smith_0001.jpg,Iain_Duncan_Smith/Iain_Duncan_Smith_0002.jpg,Silvio_Berlusconi/Silvio_Berlusconi_0002.jpg
Oscar_De_La_Hoya/Oscar_De_La_Hoya_0002.jpg,Oscar_De_La_Hoya/Oscar_De_La_Hoya_0001.jpg,Nestor_Kirchner/Nestor_Kirchner_0029.jpg
Priscilla_Owen/Priscilla_Owen_0001.jpg,Priscilla_Owen/Priscilla_Owen_0002.jpg,Monica_Seles/Monica_Seles_0006.jpg
Steve_Park/Steve_Park_0002.jpg,Steve_Park/Steve_Park_0001.jpg,Tony_Blair/Tony_Blair_0013.jpg
Megawati_Sukarnoputri/Megawati_Sukarnoputri_0015.jpg,Megawati_Sukarnoputri/Megawati_Sukarnoputri_0023.jpg,Rob_Marshall/Rob_Marshall_0005.jpg
Gerhard_Schroeder/Gerhard_Schroeder_0077.jpg,Gerhard_Schroeder/Gerhard_Schroeder_0020.jpg,Tony_Blair/Tony_Blair_0087.jpg
David_Beckham/David_Beckham_0025.jpg,David_Beckham/David_Beckham_0008.jpg,Diana_Krall/Diana_Krall_0003.jpg
George_W_Bush/George_W_Bush_0053.jpg,George_W_Bush/George_W_Bush_0353.jpg,Nicanor_Duarte_Frutos/Nicanor_Duarte_Frutos_0002.jpg
Jennifer_Capriati/Jennifer_Capriati_0012.jpg,Jennifer_Capriati/Jennifer_Capriati_0030.jpg,Bill_Frist/Bill_Frist_0002.jpg
Kevin_Spacey/Kevin_Spacey_0003.jpg,Kevin_Spacey/Kevin_Spacey_0005.jpg,George_W_Bush/George_W_Bush_0322.jpg
Chang_Dae-whan/Chang_Dae-whan_0002.jpg,Chang_Dae-whan/Chang_Dae-whan_0001.jpg,Jeb_Bush/Jeb_Bush_0002.jpg
Charles_Bronson/Charles_Bronson_0003.jpg,Charles_Bronson/Charles_Bronson_0002.jpg,Sally_Ride/Sally_Ride_0002.jpg
Serena_Williams/Serena_Williams_0040.jpg,Serena_Williams/Serena_Williams_0021.jpg,Raymond_Odierno/Raymond_Odierno_0002.jpg
Joe_Lieberman/Joe_Lieberman_0001.jpg,Joe_Lieberman/Joe_Lieberman_0004.jpg,Tom_Ridge/Tom_Ridge_0004.jpg
Jada_Pinkett_Smith/Jada_Pinkett_Smith_0001.jpg,Jada_Pinkett_Smith/Jada_Pinkett_Smith_0002.jpg,Andrew_Cuomo/Andrew_Cuomo_0001.jpg
Taufik_Hidayat/Taufik_Hidayat_0002.jpg,Taufik_Hidayat/Taufik_Hidayat_0003.jpg,Billy_Crystal/Billy_Crystal_0005.jpg
Hector_Babenco/Hector_Babenco_0001.jpg,Hector_Babenco/Hector_Babenco_0003.jpg,Gerhard_Schroeder/Gerhard_Schroeder_0042.jpg
Donald_Rumsfeld/Donald_Rumsfeld_0038.jpg,Donald_Rumsfeld/Donald_Rumsfeld_0067.jpg,Ariel_Sharon/Ariel_Sharon_0007.jpg
Colin_Powell/Colin_Powell_0032.jpg,Colin_Powell/Colin_Powell_0069.jpg,Valery_Giscard_dEstaing/Valery_Giscard_dEstaing_0003.jpg
Romano_Prodi/Romano_Prodi_0004.jpg,Romano_Prodi/Romano_Prodi_0003.jpg,Colin_Powell/Colin_Powell_0086.jpg
Matt_Dillon/Matt_Dillon_0001.jpg,Matt_Dillon/Matt_Dillon_0003.jpg,Vladimir_Putin/Vladimir_Putin_0013.jpg
Arnold_Schwarzenegger/Arnold_Schwarzenegger_0006.jpg,Arnold_Schwarzenegger/Arnold_Schwarzenegger_0028.jpg,Roberto_Carlos/Roberto_Carlos_0003.jpg
Kate_Hudson/Kate_Hudson_0004.jpg,Kate_Hudson/Kate_Hudson_0008.jpg,Colin_Powell/Colin_Powell_0234.jpg
Lee_Hoi-chang/Lee_Hoi-chang_0001.jpg,Lee_Hoi-chang/Lee_Hoi-chang_0002.jpg,Colin_Powell/Colin_Powell_0069.jpg
Lee_Soo-hyuck/Lee_Soo-hyuck_0002.jpg,Lee_Soo-hyuck/Lee_Soo-hyuck_0001.jpg,Ludivine_Sagnier/Ludivine_Sagnier_0004.jpg
Tim_Henman/Tim_Henman_0007.jpg,Tim_Henman/Tim_Henman_0017.jpg,Donald_Rumsfeld/Donald_Rumsfeld_0107.jpg
Heath_Ledger/Heath_Ledger_0003.jpg,Heath_Ledger/Heath_Ledger_0004.jpg,John_Bolton/John_Bolton_0017.jpg
Amanda_Beard/Amanda_Beard_0002.jpg,Amanda_Beard/Amanda_Beard_0001.jpg,Marc_Grossman/Marc_Grossman_0003.jpg
Ashton_Kutcher/Ashton_Kutcher_0002.jpg,Ashton_Kutcher/Ashton_Kutcher_0001.jpg,Robert_Zoellick/Robert_Zoellick_0004.jpg
Charles_Taylor/Charles_Taylor_0003.jpg,Charles_Taylor/Charles_Taylor_0004.jpg,Jack_Straw/Jack_Straw_0009.jpg
Junichiro_Koizumi/Junichiro_Koizumi_0025.jpg,Junichiro_Koizumi/Junichiro_Koizumi_0021.jpg,Renee_Zellweger/Renee_Zellweger_0015.jpg
Billy_Sollie/Billy_Sollie_0001.jpg,Billy_Sollie/Billy_Sollie_0002.jpg,Jacques_Rogge/Jacques_Rogge_0006.jpg
Sharon_Stone/Sharon_Stone_0003.jpg,Sharon_Stone/Sharon_Stone_0001.jpg,Marat_Safin/Marat_Safin_0003.jpg
David_Beckham/David_Beckham_0015.jpg,David_Beckham/David_Beckham_0012.jpg,Tariq_Aziz/Tariq_Aziz_0004.jpg
Angela_Bassett/Angela_Bassett_0006.jpg,Angela_Bassett/Angela_Bassett_0002.jpg,Guillermo_Coria/Guillermo_Coria_0029.jpg
Valerie_Harper/Valerie_Harper_0002.jpg,Valerie_Harper/Valerie_Harper_0001.jpg,Andrew_Cuomo/Andrew_Cuomo_0001.jpg
Colin_Powell/Colin_Powell_0153.jpg,Colin_Powell/Colin_Powell_0175.jpg,Rebecca_Romijn-Stamos/Rebecca_Romijn-Stamos_0004.jpg
George_W_Bush/George_W_Bush_0073.jpg,George_W_Bush/George_W_Bush_0065.jpg,Priscilla_Presley/Priscilla_Presley_0001.jpg
Ana_Palacio/Ana_Palacio_0002.jpg,Ana_Palacio/Ana_Palacio_0006.jpg,Herb_Sendek/Herb_Sendek_0001.jpg
John_Negroponte/John_Negroponte_0010.jpg,John_Negroponte/John_Negroponte_0002.jpg,James_Gandolfini/James_Gandolfini_0003.jpg
Carson_Palmer/Carson_Palmer_0001.jpg,Carson_Palmer/Carson_Palmer_0002.jpg,Bob_Dole/Bob_Dole_0003.jpg
Paulo_Cesar_Pinheiro/Paulo_Cesar_Pinheiro_0001.jpg,Paulo_Cesar_Pinheiro/Paulo_Cesar_Pinheiro_0002.jpg,Luiz_Inacio_Lula_da_Silva/Luiz_Inacio_Lula_da_Silva_0018.jpg
Nicanor_Duarte_Frutos/Nicanor_Duarte_Frutos_0008.jpg,Nicanor_Duarte_Frutos/Nicanor_Duarte_Frutos_0006.jpg,Serena_Williams/Serena_Williams_0043.jpg
Orrin_Hatch/Orrin_Hatch_0002.jpg,Orrin_Hatch/Orrin_Hatch_0001.jpg,Bill_Clinton/Bill_Clinton_0011.jpg
Taha_Yassin_Ramadan/Taha_Yassin_Ramadan_0013.jpg,Taha_Yassin_Ramadan/Taha_Yassin_Ramadan_0015.jpg,Pervez_Musharraf/Pervez_Musharraf_0003.jpg
Queen_Latifah/Queen_Latifah_0004.jpg,Queen_Latifah/Queen_Latifah_0002.jpg,Hugo_Chavez/Hugo_Chavez_0007.jpg
Guillermo_Coria/Guillermo_Coria_0001.jpg,Guillermo_Coria/Guillermo_Coria_0010.jpg,Colin_Powell/Colin_Powell_0038.jpg
Serena_Williams/Serena_Williams_0004.jpg,Serena_Williams/Serena_Williams_0029.jpg,Justin_Timberlake/Justin_Timberlake_0004.jpg
Angelina_Jolie/Angelina_Jolie_0010.jpg,Angelina_Jolie/Angelina_Jolie_0013.jpg,Federico_Trillo/Federico_Trillo_0003.jpg
Tippi_Hedren/Tippi_Hedren_0002.jpg,Tippi_Hedren/Tippi_Hedren_0001.jpg,Norah_Jones/Norah_Jones_0001.jpg
Dick_Cheney/Dick_Cheney_0004.jpg,Dick_Cheney/Dick_Cheney_0007.jpg,John_Ashcroft/John_Ashcroft_0026.jpg
Mike_Weir/Mike_Weir_0004.jpg,Mike_Weir/Mike_Weir_0011.jpg,Alvaro_Silva_Calderon/Alvaro_Silva_Calderon_0002.jpg
Alejandro_Toledo/Alejandro_Toledo_0036.jpg,Alejandro_Toledo/Alejandro_Toledo_0020.jpg,Joe_Calzaghe/Joe_Calzaghe_0001.jpg
Guillermo_Coria/Guillermo_Coria_0019.jpg,Guillermo_Coria/Guillermo_Coria_0014.jpg,Colin_Powell/Colin_Powell_0200.jpg
Joe_Mantello/Joe_Mantello_0001.jpg,Joe_Mantello/Joe_Mantello_0002.jpg,Guido_Westerwelle/Guido_Westerwelle_0002.jpg
Norm_Coleman/Norm_Coleman_0006.jpg,Norm_Coleman/Norm_Coleman_0004.jpg,Joe_Lieberman/Joe_Lieberman_0002.jpg
Arminio_Fraga/Arminio_Fraga_0001.jpg,Arminio_Fraga/Arminio_Fraga_0002.jpg,George_W_Bush/George_W_Bush_0321.jpg
Martin_Verkerk/Martin_Verkerk_0001.jpg,Martin_Verkerk/Martin_Verkerk_0003.jpg,Jennifer_Capriati/Jennifer_Capriati_0004.jpg
Tony_Blair/Tony_Blair_0006.jpg,Tony_Blair/Tony_Blair_0069.jpg,Robby_Ginepri/Robby_Ginepri_0002.jpg
Betsy_Smith/Betsy_Smith_0001.jpg,Betsy_Smith/Betsy_Smith_0002.jpg,Paul-Henri_Mathieu/Paul-Henri_Mathieu_0002.jpg
Paradorn_Srichaphan/Paradorn_Srichaphan_0002.jpg,Paradorn_Srichaphan/Paradorn_Srichaphan_0004.jpg,Muhammad_Saeed_al-Sahhaf/Muhammad_Saeed_al-Sahhaf_0004.jpg
Jeong_Se-hyun/Jeong_Se-hyun_0008.jpg,Jeong_Se-hyun/Jeong_Se-hyun_0004.jpg,Angelo_Reyes/Angelo_Reyes_0001.jpg
Kevin_Costner/Kevin_Costner_0006.jpg,Kevin_Costner/Kevin_Costner_0008.jpg,Colin_Powell/Colin_Powell_0168.jpg
Elsa_Zylberstein/Elsa_Zylberstein_0005.jpg,Elsa_Zylberstein/Elsa_Zylberstein_0004.jpg,Rita_Moreno/Rita_Moreno_0001.jpg
Gray_Davis/Gray_Davis_0023.jpg,Gray_Davis/Gray_Davis_0026.jpg,Jacques_Rogge/Jacques_Rogge_0010.jpg
Harry_Schmidt/Harry_Schmidt_0004.jpg,Harry_Schmidt/Harry_Schmidt_0001.jpg,George_W_Bush/George_W_Bush_0288.jpg
Sarah_Jessica_Parker/Sarah_Jessica_Parker_0005.jpg,Sarah_Jessica_Parker/Sarah_Jessica_Parker_0001.jpg,Joe_Gatti/Joe_Gatti_0002.jpg
John_Paul_II/John_Paul_II_0010.jpg,John_Paul_II/John_Paul_II_0004.jpg,Jessica_Lynch/Jessica_Lynch_0002.jpg
Junichiro_Koizumi/Junichiro_Koizumi_0017.jpg,Junichiro_Koizumi/Junichiro_Koizumi_0048.jpg,Vin_Diesel/Vin_Diesel_0002.jpg
John_Negroponte/John_Negroponte_0012.jpg,John_Negroponte/John_Negroponte_0022.jpg,Colin_Farrell/Colin_Farrell_0004.jpg
Naomi_Watts/Naomi_Watts_0004.jpg,Naomi_Watts/Naomi_Watts_0002.jpg,Carlos_Menem/Carlos_Menem_0003.jpg
Valery_Giscard_dEstaing/Valery_Giscard_dEstaing_0001.jpg,Valery_Giscard_dEstaing/Valery_Giscard_dEstaing_0002.jpg,Donald_Rumsfeld/Donald_Rumsfeld_0117.jpg
Antonio_Palocci/Antonio_Palocci_0006.jpg,Antonio_Palocci/Antonio_Palocci_0001.jpg,Jacques_Chirac/Jacques_Chirac_0031.jpg
Laura_Bush/Laura_Bush_0026.jpg,Laura_Bush/Laura_Bush_0029.jpg,Silvio_Berlusconi/Silvio_Berlusconi_0007.jpg
Nestor_Kirchner/Nestor_Kirchner_0012.jpg,Nestor_Kirchner/Nestor_Kirchner_0021.jpg,James_Franco/James_Franco_0002.jpg
Serena_Williams/Serena_Williams_0025.jpg,Serena_Williams/Serena_Williams_0022.jpg,Denzel_Washington/Denzel_Washington_0002.jpg
Bill_Simon/Bill_Simon_0010.jpg,Bill_Simon/Bill_Simon_0001.jpg,Abdullah_Gul/Abdullah_Gul_0009.jpg
Laura_Bush/Laura_Bush_0011.jpg,Laura_Bush/Laura_Bush_0020.jpg,Atal_Bihari_Vajpayee/Atal_Bihari_Vajpayee_0019.jpg
Christopher_Walken/Christopher_Walken_0004.jpg,Christopher_Walken/Christopher_Walken_0003.jpg,Luiz_Inacio_Lula_da_Silva/Luiz_Inacio_Lula_da_Silva_0003.jpg
Venus_Williams/Venus_Williams_0003.jpg,Venus_Williams/Venus_Williams_0015.jpg,Tiger_Woods/Tiger_Woods_0008.jpg
George_W_Bush/George_W_Bush_0030.jpg,George_W_Bush/George_W_Bush_0342.jpg,Tommy_Thompson/Tommy_Thompson_0006.jpg
Hugo_Chavez/Hugo_Chavez_0056.jpg,Hugo_Chavez/Hugo_Chavez_0018.jpg,Larry_Brown/Larry_Brown_0007.jpg
Slobodan_Milosevic/Slobodan_Milosevic_0003.jpg,Slobodan_Milosevic/Slobodan_Milosevic_0004.jpg,Chuck_Amato/Chuck_Amato_0001.jpg
Gerhard_Schroeder/Gerhard_Schroeder_0104.jpg,Gerhard_Schroeder/Gerhard_Schroeder_0034.jpg,Edwina_Currie/Edwina_Currie_0003.jpg
Aleksander_Kwasniewski/Aleksander_Kwasniewski_0003.jpg,Aleksander_Kwasniewski/Aleksander_Kwasniewski_0001.jpg,Cherie_Blair/Cherie_Blair_0003.jpg
Elizabeth_Taylor/Elizabeth_Taylor_0002.jpg,Elizabeth_Taylor/Elizabeth_Taylor_0001.jpg,Barbara_Brezigar/Barbara_Brezigar_0001.jpg
Bobby_Goldwater/Bobby_Goldwater_0001.jpg,Bobby_Goldwater/Bobby_Goldwater_0002.jpg,Jennifer_Capriati/Jennifer_Capriati_0023.jpg
George_W_Bush/George_W_Bush_0451.jpg,George_W_Bush/George_W_Bush_0341.jpg,Jennifer_Thompson/Jennifer_Thompson_0001.jpg
Mark_Philippoussis/Mark_Philippoussis_0005.jpg,Mark_Philippoussis/Mark_Philippoussis_0007.jpg,Luiz_Inacio_Lula_da_Silva/Luiz_Inacio_Lula_da_Silva_0017.jpg
Gordon_Brown/Gordon_Brown_0010.jpg,Gordon_Brown/Gordon_Brown_0007.jpg,Sean_Hayes/Sean_Hayes_0002.jpg
Tom_Ridge/Tom_Ridge_0023.jpg,Tom_Ridge/Tom_Ridge_0012.jpg,Gerhard_Schroeder/Gerhard_Schroeder_0048.jpg
George_Lopez/George_Lopez_0002.jpg,George_Lopez/George_Lopez_0003.jpg,George_W_Bush/George_W_Bush_0111.jpg
Vanessa_Redgrave/Vanessa_Redgrave_0005.jpg,Vanessa_Redgrave/Vanessa_Redgrave_0003.jpg,John_Ashcroft/John_Ashcroft_0050.jpg
Frank_Dunham_Jr/Frank_Dunham_Jr_0002.jpg,Frank_Dunham_Jr/Frank_Dunham_Jr_0001.jpg,Tommy_Franks/Tommy_Franks_0004.jpg
Helen_Clark/Helen_Clark_0002.jpg,Helen_Clark/Helen_Clark_0003.jpg,Gerhard_Schroeder/Gerhard_Schroeder_0076.jpg
Roh_Moo-hyun/Roh_Moo-hyun_0005.jpg,Roh_Moo-hyun/Roh_Moo-hyun_0018.jpg,Carson_Palmer/Carson_Palmer_0001.jpg
Yoko_Ono/Yoko_Ono_0006.jpg,Yoko_Ono/Yoko_Ono_0002.jpg,Donald_Rumsfeld/Donald_Rumsfeld_0087.jpg
George_W_Bush/George_W_Bush_0112.jpg,George_W_Bush/George_W_Bush_0218.jpg,Alvaro_Noboa/Alvaro_Noboa_0002.jpg
Brian_Cowen/Brian_Cowen_0002.jpg,Brian_Cowen/Brian_Cowen_0001.jpg,Spencer_Abraham/Spencer_Abraham_0017.jpg
George_W_Bush/George_W_Bush_0184.jpg,George_W_Bush/George_W_Bush_0081.jpg,Jan-Michael_Gambill/Jan-Michael_Gambill_0001.jpg
Alejandro_Toledo/Alejandro_Toledo_0013.jpg,Alejandro_Toledo/Alejandro_Toledo_0029.jpg,Kim_Clijsters/Kim_Clijsters_0009.jpg
Cesar_Gaviria/Cesar_Gaviria_0003.jpg,Cesar_Gaviria/Cesar_Gaviria_0002.jpg,Paul-Henri_Mathieu/Paul-Henri_Mathieu_0001.jpg
Ranil_Wickremasinghe/Ranil_Wickremasinghe_0001.jpg,Ranil_Wickremasinghe/Ranil_Wickremasinghe_0003.jpg,Jennifer_Lopez/Jennifer_Lopez_0004.jpg
Richard_Gere/Richard_Gere_0002.jpg,Richard_Gere/Richard_Gere_0007.jpg,Dan_Morales/Dan_Morales_0003.jpg
Pervez_Musharraf/Pervez_Musharraf_0008.jpg,Pervez_Musharraf/Pervez_Musharraf_0001.jpg,Iain_Duncan_Smith/Iain_Duncan_Smith_0003.jpg
Luis_Figo/Luis_Figo_0001.jpg,Luis_Figo/Luis_Figo_0002.jpg,Mary-Kate_Olsen/Mary-Kate_Olsen_0002.jpg
Thomas_OBrien/Thomas_OBrien_0004.jpg,Thomas_OBrien/Thomas_OBrien_0006.jpg,Laura_Bush/Laura_Bush_0014.jpg
Saddam_Hussein/Saddam_Hussein_0016.jpg,Saddam_Hussein/Saddam_Hussein_0022.jpg,John_Ashcroft/John_Ashcroft_0003.jpg
Jose_Theodore/Jose_Theodore_0002.jpg,Jose_Theodore/Jose_Theodore_0001.jpg,Jeremy_Greenstock/Jeremy_Greenstock_0003.jpg
Sharon_Frey/Sharon_Frey_0001.jpg,Sharon_Frey/Sharon_Frey_0002.jpg,Luiz_Inacio_Lula_da_Silva/Luiz_Inacio_Lula_da_Silva_0019.jpg
John_Taylor/John_Taylor_0001.jpg,John_Taylor/John_Taylor_0002.jpg,Jiang_Zemin/Jiang_Zemin_0005.jpg
Luiz_Inacio_Lula_da_Silva/Luiz_Inacio_Lula_da_Silva_0002.jpg,Luiz_Inacio_Lula_da_Silva/Luiz_Inacio_Lula_da_Silva_0027.jpg,Alvaro_Uribe/Alvaro_Uribe_0007.jpg
Matthew_Perry/Matthew_Perry_0004.jpg,Matthew_Perry/Matthew_Perry_0006.jpg,Jeong_Se-hyun/Jeong_Se-hyun_0007.jpg
Pierce_Brosnan/Pierce_Brosnan_0011.jpg,Pierce_Brosnan/Pierce_Brosnan_0006.jpg,Paul_Hogan/Paul_Hogan_0001.jpg
Minnie_Driver/Minnie_Driver_0002.jpg,Minnie_Driver/Minnie_Driver_0001.jpg,Michelle_Kwan/Michelle_Kwan_0001.jpg
Moshe_Katsav/Moshe_Katsav_0003.jpg,Moshe_Katsav/Moshe_Katsav_0001.jpg,Holly_Hunter/Holly_Hunter_0001.jpg
Lucio_Gutierrez/Lucio_Gutierrez_0010.jpg,Lucio_Gutierrez/Lucio_Gutierrez_0005.jpg,Carlos_Ortega/Carlos_Ortega_0002.jpg
Ariel_Sharon/Ariel_Sharon_0008.jpg,Ariel_Sharon/Ariel_Sharon_0046.jpg,Luiz_Inacio_Lula_da_Silva/Luiz_Inacio_Lula_da_Silva_0030.jpg
Alejandro_Toledo/Alejandro_Toledo_0003.jpg,Alejandro_Toledo/Alejandro_Toledo_0002.jpg,Paul_Wolfowitz/Paul_Wolfowitz_0010.jpg
Naomi_Watts/Naomi_Watts_0015.jpg,Naomi_Watts/Naomi_Watts_0021.jpg,Rubens_Barrichello/Rubens_Barrichello_0001.jpg
Colin_Powell/Colin_Powell_0205.jpg,Colin_Powell/Colin_Powell_0113.jpg,Salman_Rushdie/Salman_Rushdie_0002.jpg
Antonio_Trillanes/Antonio_Trillanes_0003.jpg,Antonio_Trillanes/Antonio_Trillanes_0002.jpg,Serena_Williams/Serena_Williams_0040.jpg
Raoul_Ruiz/Raoul_Ruiz_0001.jpg,Raoul_Ruiz/Raoul_Ruiz_0002.jpg,Tony_Blair/Tony_Blair_0099.jpg
Alejandro_Toledo/Alejandro_Toledo_0015.jpg,Alejandro_Toledo/Alejandro_Toledo_0021.jpg,George_W_Bush/George_W_Bush_0196.jpg
Diane_Green/Diane_Green_0001.jpg,Diane_Green/Diane_Green_0002.jpg,Alvaro_Uribe/Alvaro_Uribe_0027.jpg
George_W_Bush/George_W_Bush_0032.jpg,George_W_Bush/George_W_Bush_0212.jpg,Bob_Graham/Bob_Graham_0005.jpg
Lindsay_Davenport/Lindsay_Davenport_0006.jpg,Lindsay_Davenport/Lindsay_Davenport_0001.jpg,George_W_Bush/George_W_Bush_0005.jpg
Dianne_Feinstein/Dianne_Feinstein_0003.jpg,Dianne_Feinstein/Dianne_Feinstein_0002.jpg,Bill_Clinton/Bill_Clinton_0001.jpg
Rubens_Barrichello/Rubens_Barrichello_0008.jpg,Rubens_Barrichello/Rubens_Barrichello_0003.jpg,Diane_Green/Diane_Green_0001.jpg
Dolly_Parton/Dolly_Parton_0002.jpg,Dolly_Parton/Dolly_Parton_0001.jpg,David_Beckham/David_Beckham_0012.jpg
Heizo_Takenaka/Heizo_Takenaka_0007.jpg,Heizo_Takenaka/Heizo_Takenaka_0002.jpg,George_W_Bush/George_W_Bush_0340.jpg
Colin_Powell/Colin_Powell_0017.jpg,Colin_Powell/Colin_Powell_0119.jpg,Jiang_Zemin/Jiang_Zemin_0013.jpg
Walter_Mondale/Walter_Mondale_0004.jpg,Walter_Mondale/Walter_Mondale_0008.jpg,Alan_Greenspan/Alan_Greenspan_0002.jpg
Barbara_Brezigar/Barbara_Brezigar_0001.jpg,Barbara_Brezigar/Barbara_Brezigar_0002.jpg,Donald_Rumsfeld/Donald_Rumsfeld_0083.jpg
Tony_Blair/Tony_Blair_0115.jpg,Tony_Blair/Tony_Blair_0110.jpg,Ian_Thorpe/Ian_Thorpe_0002.jpg
Kristanna_Loken/Kristanna_Loken_0002.jpg,Kristanna_Loken/Kristanna_Loken_0003.jpg,Robert_Redford/Robert_Redford_0001.jpg
Alexandra_Vodjanikova/Alexandra_Vodjanikova_0001.jpg,Alexandra_Vodjanikova/Alexandra_Vodjanikova_0002.jpg,Denzel_Washington/Denzel_Washington_0003.jpg
Colin_Powell/Colin_Powell_0117.jpg,Colin_Powell/Colin_Powell_0176.jpg,Jiang_Zemin/Jiang_Zemin_0009.jpg
Jeb_Bush/Jeb_Bush_0007.jpg,Jeb_Bush/Jeb_Bush_0005.jpg,Charles_Schumer/Charles_Schumer_0002.jpg
Fidel_Castro/Fidel_Castro_0009.jpg,Fidel_Castro/Fidel_Castro_0018.jpg,Trent_Lott/Trent_Lott_0001.jpg
Melanie_Griffith/Melanie_Griffith_0002.jpg,Melanie_Griffith/Melanie_Griffith_0001.jpg,Padraig_Harrington/Padraig_Harrington_0002.jpg
Nestor_Kirchner/Nestor_Kirchner_0011.jpg,Nestor_Kirchner/Nestor_Kirchner_0028.jpg,Orlando_Bloom/Orlando_Bloom_0003.jpg
Eliane_Karp/Eliane_Karp_0001.jpg,Eliane_Karp/Eliane_Karp_0002.jpg,Al_Gore/Al_Gore_0008.jpg
Tiger_Woods/Tiger_Woods_0010.jpg,Tiger_Woods/Tiger_Woods_0016.jpg,John_Ashcroft/John_Ashcroft_0035.jpg
Byron_Scott/Byron_Scott_0002.jpg,Byron_Scott/Byron_Scott_0001.jpg,Christopher_Reeve/Christopher_Reeve_0002.jpg
Tang_Jiaxuan/Tang_Jiaxuan_0007.jpg,Tang_Jiaxuan/Tang_Jiaxuan_0005.jpg,George_W_Bush/George_W_Bush_0494.jpg
George_W_Bush/George_W_Bush_0511.jpg,George_W_Bush/George_W_Bush_0402.jpg,Sergey_Lavrov/Sergey_Lavrov_0003.jpg
Ian_Thorpe/Ian_Thorpe_0008.jpg,Ian_Thorpe/Ian_Thorpe_0004.jpg,Gustavo_Kuerten/Gustavo_Kuerten_0001.jpg
Patty_Schnyder/Patty_Schnyder_0002.jpg,Patty_Schnyder/Patty_Schnyder_0004.jpg,Mike_Krzyzewski/Mike_Krzyzewski_0003.jpg
Gerry_Parsky/Gerry_Parsky_0001.jpg,Gerry_Parsky/Gerry_Parsky_0002.jpg,Eric_Clapton/Eric_Clapton_0001.jpg
Charlton_Heston/Charlton_Heston_0006.jpg,Charlton_Heston/Charlton_Heston_0002.jpg,Gordon_Campbell/Gordon_Campbell_0002.jpg
Drew_Barrymore/Drew_Barrymore_0001.jpg,Drew_Barrymore/Drew_Barrymore_0002.jpg,Nancy_Reagan/Nancy_Reagan_0001.jpg
Hamzah_Haz/Hamzah_Haz_0002.jpg,Hamzah_Haz/Hamzah_Haz_0001.jpg,Leon_LaPorte/Leon_LaPorte_0002.jpg
Dennis_Hastert/Dennis_Hastert_0004.jpg,Dennis_Hastert/Dennis_Hastert_0005.jpg,Recep_Tayyip_Erdogan/Recep_Tayyip_Erdogan_0013.jpg
Bob_Hope/Bob_Hope_0002.jpg,Bob_Hope/Bob_Hope_0001.jpg,Gonzalo_Sanchez_de_Lozada/Gonzalo_Sanchez_de_Lozada_0001.jpg
Joschka_Fischer/Joschka_Fischer_0002.jpg,Joschka_Fischer/Joschka_Fischer_0012.jpg,Gerry_Adams/Gerry_Adams_0006.jpg
Junichiro_Koizumi/Junichiro_Koizumi_0057.jpg,Junichiro_Koizumi/Junichiro_Koizumi_0030.jpg,Charles_Taylor/Charles_Taylor_0007.jpg
Bill_Gates/Bill_Gates_0014.jpg,Bill_Gates/Bill_Gates_0015.jpg,Lim_Dong-won/Lim_Dong-won_0002.jpg
Alejandro_Toledo/Alejandro_Toledo_0027.jpg,Alejandro_Toledo/Alejandro_Toledo_0037.jpg,Joschka_Fischer/Joschka_Fischer_0017.jpg
Laura_Bush/Laura_Bush_0035.jpg,Laura_Bush/Laura_Bush_0029.jpg,Colin_Powell/Colin_Powell_0178.jpg
Abdullah_Gul/Abdullah_Gul_0014.jpg,Abdullah_Gul/Abdullah_Gul_0010.jpg,Marco_Antonio_Barrera/Marco_Antonio_Barrera_0002.jpg
Donatella_Versace/Donatella_Versace_0001.jpg,Donatella_Versace/Donatella_Versace_0003.jpg,James_Wolfensohn/James_Wolfensohn_0001.jpg
Tiger_Woods/Tiger_Woods_0016.jpg,Tiger_Woods/Tiger_Woods_0023.jpg,Albert_Costa/Albert_Costa_0002.jpg
Chok_Tong_Goh/Chok_Tong_Goh_0002.jpg,Chok_Tong_Goh/Chok_Tong_Goh_0001.jpg,Ricardo_Lagos/Ricardo_Lagos_0005.jpg
Natalie_Coughlin/Natalie_Coughlin_0006.jpg,Natalie_Coughlin/Natalie_Coughlin_0001.jpg,Bernardo_Segura/Bernardo_Segura_0002.jpg
Kate_Hudson/Kate_Hudson_0002.jpg,Kate_Hudson/Kate_Hudson_0005.jpg,Tony_Blair/Tony_Blair_0132.jpg
Rick_Pitino/Rick_Pitino_0004.jpg,Rick_Pitino/Rick_Pitino_0003.jpg,Valery_Giscard_dEstaing/Valery_Giscard_dEstaing_0001.jpg
Rita_Wilson/Rita_Wilson_0002.jpg,Rita_Wilson/Rita_Wilson_0003.jpg,George_W_Bush/George_W_Bush_0495.jpg
Richard_Myers/Richard_Myers_0002.jpg,Richard_Myers/Richard_Myers_0015.jpg,Ray_Romano/Ray_Romano_0001.jpg
Carla_Del_Ponte/Carla_Del_Ponte_0002.jpg,Carla_Del_Ponte/Carla_Del_Ponte_0001.jpg,Carolina_Moraes/Carolina_Moraes_0002.jpg
Robert_Fico/Robert_Fico_0001.jpg,Robert_Fico/Robert_Fico_0002.jpg,Jean_Charest/Jean_Charest_0010.jpg
Jacques_Chirac/Jacques_Chirac_0042.jpg,Jacques_Chirac/Jacques_Chirac_0001.jpg,Serena_Williams/Serena_Williams_0005.jpg
Andre_Agassi/Andre_Agassi_0014.jpg,Andre_Agassi/Andre_Agassi_0022.jpg,Tariq_Aziz/Tariq_Aziz_0004.jpg
Steven_Seagal/Steven_Seagal_0002.jpg,Steven_Seagal/Steven_Seagal_0001.jpg,Colin_Powell/Colin_Powell_0109.jpg
Michael_Bloomberg/Michael_Bloomberg_0014.jpg,Michael_Bloomberg/Michael_Bloomberg_0005.jpg,Bill_Paxton/Bill_Paxton_0004.jpg
Edmund_Stoiber/Edmund_Stoiber_0012.jpg,Edmund_Stoiber/Edmund_Stoiber_0008.jpg,Cherie_Blair/Cherie_Blair_0002.jpg
Junichiro_Koizumi/Junichiro_Koizumi_0028.jpg,Junichiro_Koizumi/Junichiro_Koizumi_0049.jpg,James_Kelly/James_Kelly_0002.jpg
Joe_Torre/Joe_Torre_0002.jpg,Joe_Torre/Joe_Torre_0003.jpg,Sergei_Ivanov/Sergei_Ivanov_0002.jpg
Doris_Roberts/Doris_Roberts_0001.jpg,Doris_Roberts/Doris_Roberts_0002.jpg,Bill_Simon/Bill_Simon_0006.jpg
Queen_Elizabeth_II/Queen_Elizabeth_II_0003.jpg,Queen_Elizabeth_II/Queen_Elizabeth_II_0013.jpg,George_W_Bush/George_W_Bush_0039.jpg
Tony_Bennett/Tony_Bennett_0004.jpg,Tony_Bennett/Tony_Bennett_0001.jpg,Meryl_Streep/Meryl_Streep_0015.jpg
Paul_McCartney/Paul_McCartney_0002.jpg,Paul_McCartney/Paul_McCartney_0004.jpg,Lino_Oviedo/Lino_Oviedo_0001.jpg
Larry_Brown/Larry_Brown_0004.jpg,Larry_Brown/Larry_Brown_0002.jpg,Jan-Michael_Gambill/Jan-Michael_Gambill_0003.jpg
Joan_Laporta/Joan_Laporta_0005.jpg,Joan_Laporta/Joan_Laporta_0006.jpg,Ari_Fleischer/Ari_Fleischer_0012.jpg
Surakait_Sathirathai/Surakait_Sathirathai_0001.jpg,Surakait_Sathirathai/Surakait_Sathirathai_0002.jpg,Luiz_Inacio_Lula_da_Silva/Luiz_Inacio_Lula_da_Silva_0034.jpg
Clay_Aiken/Clay_Aiken_0004.jpg,Clay_Aiken/Clay_Aiken_0006.jpg,Joe_Gatti/Joe_Gatti_0002.jpg
Bob_Stoops/Bob_Stoops_0001.jpg,Bob_Stoops/Bob_Stoops_0005.jpg,Recep_Tayyip_Erdogan/Recep_Tayyip_Erdogan_0015.jpg
Tom_Glavine/Tom_Glavine_0001.jpg,Tom_Glavine/Tom_Glavine_0002.jpg,Dennis_Powell/Dennis_Powell_0002.jpg
Paul_Pierce/Paul_Pierce_0001.jpg,Paul_Pierce/Paul_Pierce_0002.jpg,Angelina_Jolie/Angelina_Jolie_0020.jpg
Ricky_Barnes/Ricky_Barnes_0001.jpg,Ricky_Barnes/Ricky_Barnes_0002.jpg,Donald_Rumsfeld/Donald_Rumsfeld_0075.jpg
Robert_Redford/Robert_Redford_0005.jpg,Robert_Redford/Robert_Redford_0003.jpg,Junichiro_Koizumi/Junichiro_Koizumi_0039.jpg
Tom_Ridge/Tom_Ridge_0011.jpg,Tom_Ridge/Tom_Ridge_0019.jpg,Roberto_Carlos/Roberto_Carlos_0004.jpg
Bill_Simon/Bill_Simon_0009.jpg,Bill_Simon/Bill_Simon_0013.jpg,Michael_Chang/Michael_Chang_0007.jpg
George_W_Bush/George_W_Bush_0218.jpg,George_W_Bush/George_W_Bush_0136.jpg,Mohammad_Khatami/Mohammad_Khatami_0002.jpg
Michael_Bloomberg/Michael_Bloomberg_0010.jpg,Michael_Bloomberg/Michael_Bloomberg_0002.jpg,Nestor_Kirchner/Nestor_Kirchner_0027.jpg
John_Allen_Muhammad/John_Allen_Muhammad_0001.jpg,John_Allen_Muhammad/John_Allen_Muhammad_0010.jpg,Hu_Jintao/Hu_Jintao_0011.jpg
John_Howard/John_Howard_0009.jpg,John_Howard/John_Howard_0018.jpg,Megawati_Sukarnoputri/Megawati_Sukarnoputri_0008.jpg
George_W_Bush/George_W_Bush_0164.jpg,George_W_Bush/George_W_Bush_0344.jpg,Neri_Marcore/Neri_Marcore_0001.jpg
Garry_Trudeau/Garry_Trudeau_0002.jpg,Garry_Trudeau/Garry_Trudeau_0001.jpg,Laura_Bush/Laura_Bush_0032.jpg
Donatella_Versace/Donatella_Versace_0002.jpg,Donatella_Versace/Donatella_Versace_0001.jpg,Colin_Powell/Colin_Powell_0044.jpg
Nicholas_Tse/Nicholas_Tse_0002.jpg,Nicholas_Tse/Nicholas_Tse_0001.jpg,Julianne_Moore/Julianne_Moore_0004.jpg
Ellen_Engleman/Ellen_Engleman_0001.jpg,Ellen_Engleman/Ellen_Engleman_0002.jpg,Martin_Sheen/Martin_Sheen_0002.jpg
Derek_Jeter/Derek_Jeter_0001.jpg,Derek_Jeter/Derek_Jeter_0004.jpg,Hanan_Ashrawi/Hanan_Ashrawi_0002.jpg
James_Kopp/James_Kopp_0004.jpg,James_Kopp/James_Kopp_0003.jpg,Michael_Caine/Michael_Caine_0004.jpg
George_Papandreou/George_Papandreou_0001.jpg,George_Papandreou/George_Papandreou_0004.jpg,Lawrence_MacAulay/Lawrence_MacAulay_0001.jpg
Sadie_Frost/Sadie_Frost_0002.jpg,Sadie_Frost/Sadie_Frost_0001.jpg,Halle_Berry/Halle_Berry_0015.jpg
Guillermo_Canas/Guillermo_Canas_0004.jpg,Guillermo_Canas/Guillermo_Canas_0003.jpg,Megawati_Sukarnoputri/Megawati_Sukarnoputri_0026.jpg
Lucio_Gutierrez/Lucio_Gutierrez_0007.jpg,Lucio_Gutierrez/Lucio_Gutierrez_0003.jpg,Hamid_Karzai/Hamid_Karzai_0020.jpg
Bill_Clinton/Bill_Clinton_0010.jpg,Bill_Clinton/Bill_Clinton_0017.jpg,Goldie_Hawn/Goldie_Hawn_0006.jpg
Jennifer_Capriati/Jennifer_Capriati_0005.jpg,Jennifer_Capriati/Jennifer_Capriati_0020.jpg,Jennifer_Connelly/Jennifer_Connelly_0003.jpg
Monica_Lewinsky/Monica_Lewinsky_0003.jpg,Monica_Lewinsky/Monica_Lewinsky_0002.jpg,Lindsay_Benko/Lindsay_Benko_0002.jpg
John_Bolton/John_Bolton_0017.jpg,John_Bolton/John_Bolton_0006.jpg,Pervez_Musharraf/Pervez_Musharraf_0013.jpg
Lucio_Gutierrez/Lucio_Gutierrez_0011.jpg,Lucio_Gutierrez/Lucio_Gutierrez_0009.jpg,John_Bolton/John_Bolton_0007.jpg
Miyako_Miyazaki/Miyako_Miyazaki_0002.jpg,Miyako_Miyazaki/Miyako_Miyazaki_0001.jpg,Jean_Chretien/Jean_Chretien_0025.jpg
Mario_Kreutzberger/Mario_Kreutzberger_0002.jpg,Mario_Kreutzberger/Mario_Kreutzberger_0001.jpg,Barbara_Walters/Barbara_Walters_0004.jpg
Arnold_Schwarzenegger/Arnold_Schwarzenegger_0017.jpg,Arnold_Schwarzenegger/Arnold_Schwarzenegger_0019.jpg,Queen_Beatrix/Queen_Beatrix_0002.jpg
Donald_Rumsfeld/Donald_Rumsfeld_0026.jpg,Donald_Rumsfeld/Donald_Rumsfeld_0040.jpg,Tony_Blair/Tony_Blair_0008.jpg
John_Snow/John_Snow_0015.jpg,John_Snow/John_Snow_0002.jpg,John_Bolton/John_Bolton_0001.jpg
